especie;coletor;X1;X2;X3;X4;X5;X6;X7;X8;X9;X10;X11;X12;X13
ALB;Almeida, T.E. 3135;100.17;8.17;3.00;65.31;99.63;65.90;34.27;0.88;0.75;0.23;0.24;0.40;0.42
ALB;Almeida, T.E. 3079;61.79;8.78;4.6;43.27;56.12;62.43;NA;NA;0.28;0.26;NA;0.43;0.49
ALB;Campos, J. 5173;67.72;6.47;2.61;50.22;65.33;59.58;8.14;0.46;0.83;0.22;0.24;0.26;0.31
ALB;Dillon, M. O. 4535;53.99;5.65;2.09;52.39;63.68;53.99;NA;NA;0.81;0.18;0.22;0.29;0.41
ALB;Espinosa, R. E2756;46.57;3.44;1.53;45.00;58.02;59.56;12.99;0.15;0.34;0.34;0.24;0.50;0.52
ALB;Labiak, P. 2811;110.17;8.97;3.64;56.31;67.86;79.64;30.53;0.85;0.2;0.21;0.67;0.32;0.36
ALB;Núñez, R. 240;98.53;6.28;2.41;50.06;64.20;73.07;14.10;0.42;0.73;0.22;0.20;0.28;0.31
ALB;Plowman, T. C. 3814;89.26;6.22;2.41;51.46;63.19;73.00;14.02;0.42;0.79;0.19;0.21;0.28;0.37
ALB;Vasque 2772;87.25;6.66;2.12;50.07;64.50;73.02;14.07;0.43;0.71;0.18;0.20;0.26;0.31
ALB;Villarroel, D. 67;89.30;6.40;2.96;60.34;95.17;76.59;12.71;0.92;0.71;0.22;0.20;0.38;0.40
ANO;Bang, M. 2447;74.73;2.78;1.44;82.74;74.44;57.18;9.01;0.29;0.58;0.14;0.16;0.78;0.18
ANO;Bonino, R. 166;38.91;2.01;0.87;79.91;54.16;40.39;NA;NA;0.15;0.21;0.26;0.57;0.08
ANO;Bonino, R. 319;62.84;1.14;0.47;72.40;67.50;61.56;6.29;0.16;0.51;0.16;0.16;0.14;0.16
ANO;Buchtien, O. 3528;102.21;1.52;0.74;74.51;67.47;81.74;16.28;0.21;0.47;0.23;0.17;NA;NA
ANO;Caballero, I. G.V. 1425;30.17;1.11;0.47;85.98;67.85;27.46;2.51;0.12;0.36;1.44;0.06;0.14;0.11
ANO;Jordán, C. G. 495;47.26;1.78;0.8;80.53;78.11;35.14;7.93;0.2;0.18;0.17;0.31;0.11;NA
ANO;Campos, J. 3616;62.99;4.28;2.20;72.77;49.02;61.88;NA;NA;0.57;0.27;0.21;0.21;0.17
ANO;Dillon, M. O. 1151;62.82;1.15;0.48;98.54;94.31;54.99;6.38;0.17;0.42;0.16;0.12;0.14;0.12
ANO;Macbride, J. F. 4041;49.99;1.91;0.80;71.56;66.83;67.64;2.87;0.07;0.64;0.18;0.18;0.06;NA
ANO;Smith, D.N. 1679;67.04;1.06;0.51;77.28;80.53;61.52;5.75;0.16;0.34;0.15;0.92;NA;0.19
CAR;Barringer, K. 1221;56.40;1.82;1.28;61.47;50.48;51.23;4.49;0.34;0.36;0.18;0.26;0.14;0.12
CAR;Buchtien, O. 3537;70.06;4.50;2.32;45.00;46.63;70.06;NA;NA;0.78;0.18;0.19;0.20;0.22
CAR;Campos, J. 2422;56.46;3.01;1.61;45.00;71.56;56.46;NA;NA;24.07;0.12;0.10;0.15;0.21
CAR;Campos, J. 2711;49.84;2.78;1.29;61.72;50.45;45.34;4.50;0.20;0.37;0.19;0.23;0.14;0.12
CAR;Farfán, J. 1185;56.53;4.06;3.31;1.87;59.52;51.67;4.86;0.34;0.36;0.98;0.28;0.23;0.19
CAR;Rojas, R. 2593;69.82;5.45;2.59;48.05;62.49;54.17;15.65;0.33;0.21;0.21;NA;0.3;0.33
CAR;Killip, E. P. 22775;46.53;1.63;0.81;52.49;60.08;46.53;NA;NA;NA;NA;0.22;NA;NA
CAR;Macbryde, B. 225;39.64;1.91;0.87;62.01;50.24;31.37;8.27;0.13;0.47;0.16;0.12;NA;0.12
CAR;Monteagudo, M. A. L. 11883;75.14;3.21;1.55;58.39;48.41;72.86;2.28;0.33;0.39;0.18;0.26;0.19;0.22
CAR;Stork, H. E. 9502;50.44;4.12;2.49;66.22;61.37;69.13;18.69;0.28;0.31;0.17;0.20;0.24;0.16
CRA;Allart 258;50.13;6.01;3.13;57.99;71.37;39.16;10.97;0.42;0.11;0.07;0.5;0.08;0.05
CRA;Asplund, E. 6085;54.18;2.43;1.14;43.1;50.9;48.23;5.95;0.38;NA;NA;0.79;NA;NA
CRA;Britton, N.L. 2078;62.33;5.1;2.27;49.17;62.28;62.33;NA;NA;0.19;0.18;0.69;0.14;0.16
CRA;Maguire, B. 39088;56.34;5.91;2.59;63.43;56.09;52.82;3.52;0.46;0.19;0.17;0.75;0.14;0.26
CRA;Mickel, J. T. 9324;84.76;7.18;3.22;63.23;61.86;77.91;6.85;0.39;0.19;0.14;1.46;0.22;0.16
CRA;Salino, A. 11885;79.14;9.23;4.04;44.48;58.18;55.28;21.79;0.32;NA;NA;0.91;NA;NA
CRA;Salino, A. 8559;96.38;6.69;3.11;58.14;60.03;87.18;9.2;0.51;0.2;0.2;1.54;0.12;0.1
CRA;Salino, A. 13547;167.71;5.4;3.2;61.65;66.24;109.94;41.4;0.71;0.25;0.13;1.62;0.21;0.2
CRA;Salomón, M. J. 1510;73.82;10.34;4.68;53.39;39.62;64.39;9.43;0.32;0.19;0.18;1.24;0.22;0.26
CRA;Underwood, L.M. 2936;87.28;10.74;4.69;89.45;65.05;79.17;8.11;0.67;0.18;0.19;1.17;0.16;0.14
MOR;Arteaga 115;50.12;2.20;1.86;68.22;63.19;41.73;9.08;0.26;0.55;0.14;0.19;NA;0.10
MOR;Core, E. L. 574;43.06;2.99;1.92;45.76;49.76;23.06;NA;NA;0.17;0.17;0.63;0.11;0.1
MOR;Dorr, L. J. 5495;50.81;3.48;1.62;63.69;63.43;40.92;9.89;0.40;0.58;0.19;0.19;NA;NA
MOR;Dorr, L. J. 7745;69.66;3.60;1.84;46.76;60.25;59.34;10.32;0.42;0.56;0.18;0.19;NA;0.14
MOR;Luteyn, J.L. 9833;47.58;2.13;0.94;68.69;51.63;42.23;5.58;0.26;0.55;0.12;0.17;NA;0.10
MOR;Nielsen 5200;51.53;2.22;1.66;64.44;64.00;42.00;9.39;0.26;0.56;0.13;0.18;NA;0.10
MOR;Núñez, R. 281;53.74;5.33;2.17;42.74;35.50;41.69;12.05;0.59;0.76;0.12;0.23;0.27;0.38
MOR;Núñez, R. C. 591;46.03;3.32;1.86;59.28;81.09;34.35;11.68;0.44;0.21;0.22;0.83;0.19;0.45
MOR;Pulido 122;50.19;2.36;1.79;67.89;63.11;42.54;9.32;0.28;0.57;0.19;0.14;NA;0.12
MOR;Quijada, C. 26;57.47;4.17;1.75;38.95;78.08;48.06;9.41;0.28;0.59;0.13;0.18;NA;0.11
OBL;Acevedo-Rodríguez, P. 6939;45.29;2.04;1.24;68.03;63.21;33.08;2.43;0.20;0.60;0.22;0.18;0.10;0.19
OBL;Asplund, Erik 5582;44.59;4.38;2.79;66.51;64.48;35.94;8.65;0.30;0.51;0.12;0.12;NA;0.11
OBL;Burger, W.C. 9109;61.10;2.42;1.16;53.76;87.20;32.54;2.51;0.21;0.68;0.21;0.15;0.07;0.13
OBL;Gentry, A.L. 7950;32.75;3.93;2.20;66.30;52.69;30.37;2.38;0.24;0.80;0.25;0.19;0.15;0.20
OBL;Goldman, E. A. 1859;32.04;2.98;1.72;49.12;56.88;32.57;1.54;0.51;0.73;0.12;0.17;0.12;0.27
OBL;Leonard, E. C. 3937;47.62;3.01;1.17;66.47;63.76;32.70;2.56;0.21;0.70;0.22;0.19;0.10;0.13
OBL;Lundell, C. L. 2926;56.68;4.56;2;51.44;67.63;54.69;1.99;0.4;0.14;0.1;0.68;NA;NA
OBL;Mexia, Y. E. J. 6614;40.95;5.85;2.73;68.95;66.94;40.95;NA;NA;0.11;0.13;0.59;NA;0.12
OBL;Standley, P.C. 24465;49.13;3.32;1.63;59.91;62.94;47.3;1.83;0.34;0.13;0.11;0.49;NA;NA
OBL;Weber, C. 6201;47.88;2.22;1.28;66.95;63.42;32.56;2.56;0.20;0.69;0.20;0.19;0.12;0.19
RUF;Dettker, G. 518;61.44;3.37;2.76;52.67;42.55;40.56;14.47;0.25;NA;NA;0.88;NA;NA
RUF;Dutra, J. 61;66.35;6.83;3.39;54.51;35.56;61.05;5.3;0.35;0.14;0.2;1.74;NA;NA
RUF;Gonzatti, F. 707;78.24;7.6;3.49;51.18;46.68;57.94;16.63;0.25;NA;NA;0.19;NA;NA
RUF;Hagelund, K. 13265;91.81;5.39;2.48;41.04;90.72;75.49;5.04;0.38;0.23;0.13;0.87;0.13;0.19
RUF;Hornung, H.H. 5183;61.06;7.35;3.22;56.18;62.64;56.05;16.21;0.22;NA;NA;0.85;NA;NA
RUF;Kinnup, V.F. 2657;56.12;7.74;4.25;58.56;75.66;52.94;15.36;0.25;0.16;0.20;0.83;0.08;0.14
RUF;Molz, M. s.n.;23.48;3.92;1.85;73.54;88.66;21.25;1.95;1.19;NA;NA;1.01;NA;NA
RUF;Waechter, J.L. 1278;116.61;4.8;2.49;44.11;72.89;90.3;18.98;0.25;0.2;0.19;1.87;0.1;0.16
RUF;Waechter, J.L. 2247;43.25;4.43;2.25;53.61;45.54;43.25;NA;NA;0.1;0.09;0.83;0.07;0.2
RUF;Windisch, P.G. 9550;54.36;7.79;3.96;65.8;51.63;50.67;0.66;0.19;NA;NA;0.83;NA;NA
